{"metadata":{"actualWorkers":4},"startTime":1763268295232,"duration":2628.884999997914,"files":[{"fileId":"a30a6eba6312f6b87ea5","fileName":"example.spec.ts","tests":[{"testId":"a30a6eba6312f6b87ea5-a64d8b225080ffee5011","title":"should load homepage and display key elements","projectName":"chromium","location":{"file":"example.spec.ts","line":4,"column":3},"duration":4,"annotations":[],"tags":[],"outcome":"unexpected","path":["Portfolio E2E Tests"],"ok":false,"results":[{"attachments":[]}]},{"testId":"a30a6eba6312f6b87ea5-86ecd688c68d42105b5a","title":"should navigate to projects section","projectName":"chromium","location":{"file":"example.spec.ts","line":17,"column":3},"duration":2,"annotations":[],"tags":[],"outcome":"unexpected","path":["Portfolio E2E Tests"],"ok":false,"results":[{"attachments":[]}]},{"testId":"a30a6eba6312f6b87ea5-437e9aa4cc1ac15201a2","title":"should open project demo links in new tab","projectName":"chromium","location":{"file":"example.spec.ts","line":28,"column":3},"duration":3,"annotations":[],"tags":[],"outcome":"unexpected","path":["Portfolio E2E Tests"],"ok":false,"results":[{"attachments":[]}]},{"testId":"a30a6eba6312f6b87ea5-44f2ef65d9c3c0b38a64","title":"should show contact form and validate input","projectName":"chromium","location":{"file":"example.spec.ts","line":47,"column":3},"duration":3,"annotations":[],"tags":[],"outcome":"unexpected","path":["Portfolio E2E Tests"],"ok":false,"results":[{"attachments":[]}]},{"testId":"a30a6eba6312f6b87ea5-97cb104c2e627429dd09","title":"should be accessible with keyboard navigation","projectName":"chromium","location":{"file":"example.spec.ts","line":60,"column":3},"duration":5,"annotations":[],"tags":[],"outcome":"unexpected","path":["Portfolio E2E Tests"],"ok":false,"results":[{"attachments":[]}]},{"testId":"a30a6eba6312f6b87ea5-9fa500edd7dce6fc63b4","title":"should work on mobile viewport","projectName":"chromium","location":{"file":"example.spec.ts","line":73,"column":3},"duration":2,"annotations":[],"tags":[],"outcome":"unexpected","path":["Portfolio E2E Tests"],"ok":false,"results":[{"attachments":[]}]},{"testId":"a30a6eba6312f6b87ea5-98f49c13e68c6e58b240","title":"should have proper meta tags","projectName":"chromium","location":{"file":"example.spec.ts","line":82,"column":3},"duration":5,"annotations":[],"tags":[],"outcome":"unexpected","path":["Portfolio E2E Tests"],"ok":false,"results":[{"attachments":[]}]},{"testId":"a30a6eba6312f6b87ea5-3914b55ced4d21c319ec","title":"should load images properly","projectName":"chromium","location":{"file":"example.spec.ts","line":93,"column":3},"duration":2,"annotations":[],"tags":[],"outcome":"unexpected","path":["Portfolio E2E Tests"],"ok":false,"results":[{"attachments":[]}]},{"testId":"a30a6eba6312f6b87ea5-4545d4819d3f9d59e5f8","title":"should display error state for invalid form submission","projectName":"chromium","location":{"file":"example.spec.ts","line":110,"column":3},"duration":2,"annotations":[],"tags":[],"outcome":"unexpected","path":["Portfolio E2E Tests"],"ok":false,"results":[{"attachments":[]}]},{"testId":"a30a6eba6312f6b87ea5-bb9edafcf88446b4d06f","title":"should load homepage and display key elements","projectName":"Mobile Chrome","location":{"file":"example.spec.ts","line":4,"column":3},"duration":2,"annotations":[],"tags":[],"outcome":"unexpected","path":["Portfolio E2E Tests"],"ok":false,"results":[{"attachments":[]}]},{"testId":"a30a6eba6312f6b87ea5-3189585a58855998057d","title":"should navigate to projects section","projectName":"Mobile Chrome","location":{"file":"example.spec.ts","line":17,"column":3},"duration":2,"annotations":[],"tags":[],"outcome":"unexpected","path":["Portfolio E2E Tests"],"ok":false,"results":[{"attachments":[]}]},{"testId":"a30a6eba6312f6b87ea5-5a7474dd21bfe51fa1d3","title":"should open project demo links in new tab","projectName":"Mobile Chrome","location":{"file":"example.spec.ts","line":28,"column":3},"duration":19,"annotations":[],"tags":[],"outcome":"unexpected","path":["Portfolio E2E Tests"],"ok":false,"results":[{"attachments":[]}]},{"testId":"a30a6eba6312f6b87ea5-6b1a685ffcf746ac4c14","title":"should show contact form and validate input","projectName":"Mobile Chrome","location":{"file":"example.spec.ts","line":47,"column":3},"duration":3,"annotations":[],"tags":[],"outcome":"unexpected","path":["Portfolio E2E Tests"],"ok":false,"results":[{"attachments":[]}]},{"testId":"a30a6eba6312f6b87ea5-f666a3ed8abc0c7abe77","title":"should be accessible with keyboard navigation","projectName":"Mobile Chrome","location":{"file":"example.spec.ts","line":60,"column":3},"duration":3,"annotations":[],"tags":[],"outcome":"unexpected","path":["Portfolio E2E Tests"],"ok":false,"results":[{"attachments":[]}]},{"testId":"a30a6eba6312f6b87ea5-28fffb62eacfbfff780f","title":"should work on mobile viewport","projectName":"Mobile Chrome","location":{"file":"example.spec.ts","line":73,"column":3},"duration":4,"annotations":[],"tags":[],"outcome":"unexpected","path":["Portfolio E2E Tests"],"ok":false,"results":[{"attachments":[]}]},{"testId":"a30a6eba6312f6b87ea5-7ea0f6f40161e130e331","title":"should have proper meta tags","projectName":"Mobile Chrome","location":{"file":"example.spec.ts","line":82,"column":3},"duration":3,"annotations":[],"tags":[],"outcome":"unexpected","path":["Portfolio E2E Tests"],"ok":false,"results":[{"attachments":[]}]},{"testId":"a30a6eba6312f6b87ea5-3802b4f7fccbff1dfdc3","title":"should load images properly","projectName":"Mobile Chrome","location":{"file":"example.spec.ts","line":93,"column":3},"duration":2,"annotations":[],"tags":[],"outcome":"unexpected","path":["Portfolio E2E Tests"],"ok":false,"results":[{"attachments":[]}]},{"testId":"a30a6eba6312f6b87ea5-948e4f2c8588ac046bbf","title":"should display error state for invalid form submission","projectName":"Mobile Chrome","location":{"file":"example.spec.ts","line":110,"column":3},"duration":2,"annotations":[],"tags":[],"outcome":"unexpected","path":["Portfolio E2E Tests"],"ok":false,"results":[{"attachments":[]}]}],"stats":{"total":18,"expected":0,"unexpected":18,"flaky":0,"skipped":0,"ok":false}}],"projectNames":["chromium","Mobile Chrome"],"stats":{"total":18,"expected":0,"unexpected":18,"flaky":0,"skipped":0,"ok":false},"errors":[]}